id,email,firstName,lastName,displayName,picture,isActive,isAdmin,verifyAt,phone,gender,dob,createdAt,updatedAt
1,jmoxley0@wordpress.org,Julee,Moxley,jmoxley0,https://robohash.org/dolorummolestiaslaboriosam.png?size=50x50&set=set1,false,false,2020-08-07T23:35:04Z,733-104-3889,male,1994/04/28,2020-08-07T23:35:04Z,2020-08-07T23:35:04Z
2,vlefwich1@altervista.org,Virgilio,Lefwich,vlefwich1,https://robohash.org/velitplaceatmagni.png?size=50x50&set=set1,true,false,2021-06-15T10:33:08Z,617-160-3823,male,1997/09/06,2020-08-07T23:35:04Z,2020-08-07T23:35:04Z
3,dborham2@yahoo.co.jp,Dinnie,Borham,dborham2,https://robohash.org/illumetest.png?size=50x50&set=set1,false,true,2021-01-18T16:51:01Z,353-170-1402,male,1992/01/16,2020-08-07T23:35:04Z,2020-08-07T23:35:04Z
4,aburnyate3@plala.or.jp,Arabella,Burnyate,aburnyate3,https://robohash.org/nihilofficiaconsequatur.png?size=50x50&set=set1,true,true,2021-02-09T03:25:19Z,417-244-7472,female,1994/03/13,2020-08-07T23:35:04Z,2020-08-07T23:35:04Z
5,csmolan4@paginegialle.it,Cinnamon,Smolan,csmolan4,https://robohash.org/ipsumeaqueassumenda.png?size=50x50&set=set1,true,true,2021-02-09T02:32:57Z,175-963-0782,male,1998/10/11,2020-08-07T23:35:04Z,2020-08-07T23:35:04Z
6,grollinson5@nationalgeographic.com,Ginger,Rollinson,grollinson5,https://robohash.org/velitnullaillo.png?size=50x50&set=set1,false,true,2021-04-04T14:07:44Z,349-902-5011,female,1998/05/13,2020-08-07T23:35:04Z,2020-08-07T23:35:04Z
7,rbakeup6@google.com.au,Raynell,Bakeup,rbakeup6,https://robohash.org/noneaeligendi.png?size=50x50&set=set1,false,false,2020-07-09T23:32:22Z,592-508-9664,male,1991/01/08,2020-08-07T23:35:04Z,2020-08-07T23:35:04Z
8,mvermer7@answers.com,Marlie,Vermer,mvermer7,https://robohash.org/quamdeseruntnulla.png?size=50x50&set=set1,true,true,2020-08-20T09:51:44Z,393-156-3834,male,1995/11/01,2020-08-07T23:35:04Z,2020-08-07T23:35:04Z
9,ehendrick8@histats.com,Etan,Hendrick,ehendrick8,https://robohash.org/autvoluptatein.png?size=50x50&set=set1,false,true,2021-03-22T17:59:12Z,520-350-0432,female,1994/06/26,2020-08-07T23:35:04Z,2020-08-07T23:35:04Z
10,sstearns9@imdb.com,Shaylah,Stearns,sstearns9,https://robohash.org/omnissedveniam.png?size=50x50&set=set1,true,false,2020-11-14T20:06:45Z,156-592-3461,male,1999/06/12,2020-08-07T23:35:04Z,2020-08-07T23:35:04Z
11,mwetherburna@purevolume.com,Madonna,Wetherburn,mwetherburna,https://robohash.org/itaquedelenititempore.png?size=50x50&set=set1,true,true,2021-06-14T00:12:48Z,564-589-4294,female,1992/04/25,2020-08-07T23:35:04Z,2020-08-07T23:35:04Z
12,thurcheb@amazon.co.uk,Theda,Hurche,thurcheb,https://robohash.org/rationeofficiafugiat.png?size=50x50&set=set1,true,true,2021-02-04T01:13:08Z,956-813-6759,female,1992/12/01,2020-08-07T23:35:04Z,2020-08-07T23:35:04Z
13,bsimonatoc@pinterest.com,Bren,Simonato,bsimonatoc,https://robohash.org/voluptasautadipisci.png?size=50x50&set=set1,true,true,2020-12-14T22:44:11Z,794-325-3484,male,1991/02/16,2020-08-07T23:35:04Z,2020-08-07T23:35:04Z
14,adwyrd@cbslocal.com,Alisa,Dwyr,adwyrd,https://robohash.org/dolorembeataeminus.png?size=50x50&set=set1,true,true,2020-10-08T16:38:39Z,287-679-5666,female,1995/08/05,2020-08-07T23:35:04Z,2020-08-07T23:35:04Z
15,kchaterse@microsoft.com,Karel,Chaters,kchaterse,https://robohash.org/distinctiodoloreipsam.png?size=50x50&set=set1,false,false,2021-02-05T01:06:20Z,407-226-3671,female,1996/09/12,2020-08-07T23:35:04Z,2020-08-07T23:35:04Z
16,bmartinetsf@xrea.com,Brennen,Martinets,bmartinetsf,https://robohash.org/doloradipisciexcepturi.png?size=50x50&set=set1,false,false,2021-01-03T10:34:18Z,922-630-1625,male,1998/10/22,2020-08-07T23:35:04Z,2020-08-07T23:35:04Z
17,pcapsg@admin.ch,Poul,Caps,pcapsg,https://robohash.org/cumomnisdolore.png?size=50x50&set=set1,true,true,2021-02-15T23:59:45Z,179-494-0488,male,1995/05/23,2020-08-07T23:35:04Z,2020-08-07T23:35:04Z
18,ncrucettih@noaa.gov,Nanete,Crucetti,ncrucettih,https://robohash.org/animiculpafacere.png?size=50x50&set=set1,true,false,2020-11-29T01:01:43Z,280-980-4002,male,1990/07/06,2020-08-07T23:35:04Z,2020-08-07T23:35:04Z
19,lbreretoni@telegraph.co.uk,Lanna,Brereton,lbreretoni,https://robohash.org/nonvoluptasin.png?size=50x50&set=set1,false,true,2020-08-10T22:53:07Z,536-459-8039,male,1992/08/10,2020-08-07T23:35:04Z,2020-08-07T23:35:04Z
20,jflecknellj@ow.ly,Justinian,Flecknell,jflecknellj,https://robohash.org/atqueatfugiat.png?size=50x50&set=set1,true,false,2021-03-10T06:59:57Z,843-227-1429,male,1995/12/07,2020-08-07T23:35:04Z,2020-08-07T23:35:04Z
21,bderxk@hc360.com,Brockie,Derx,bderxk,https://robohash.org/nondoloredolorem.png?size=50x50&set=set1,false,false,2021-03-28T19:55:18Z,805-476-4248,female,1996/01/31,2020-08-07T23:35:04Z,2020-08-07T23:35:04Z
22,tplevenl@cdc.gov,Tailor,Pleven,tplevenl,https://robohash.org/optioconsequaturqui.png?size=50x50&set=set1,false,false,2021-05-07T11:01:55Z,418-937-0230,female,1994/05/25,2020-08-07T23:35:04Z,2020-08-07T23:35:04Z
23,pbartosekm@disqus.com,Petr,Bartosek,pbartosekm,https://robohash.org/quiquiaunde.png?size=50x50&set=set1,true,true,2020-10-22T17:18:58Z,836-730-1407,female,1991/12/08,2020-08-07T23:35:04Z,2020-08-07T23:35:04Z
24,kkovalskin@angelfire.com,Kit,Kovalski,kkovalskin,https://robohash.org/voluptatemitaquerepellat.png?size=50x50&set=set1,false,false,2020-08-02T15:30:05Z,873-763-4298,male,1991/04/12,2020-08-07T23:35:04Z,2020-08-07T23:35:04Z
25,sbehno@ask.com,Shermie,Behn,sbehno,https://robohash.org/inciduntnequeet.png?size=50x50&set=set1,true,false,2020-08-08T00:25:13Z,169-230-6606,female,1991/12/31,2020-08-07T23:35:04Z,2020-08-07T23:35:04Z
26,vsigartp@w3.org,Valenka,Sigart,vsigartp,https://robohash.org/etexpeditaveniam.png?size=50x50&set=set1,true,false,2021-04-20T04:42:58Z,583-811-0583,male,1990/09/25,2020-08-07T23:35:04Z,2020-08-07T23:35:04Z
27,tkondratenyaq@fc2.com,Tildi,Kondratenya,tkondratenyaq,https://robohash.org/quibusdamquiavel.png?size=50x50&set=set1,false,false,2020-10-15T06:51:39Z,991-586-9965,male,1998/01/02,2020-08-07T23:35:04Z,2020-08-07T23:35:04Z
28,gphalipr@unblog.fr,Gareth,Phalip,gphalipr,https://robohash.org/fugitutcorrupti.png?size=50x50&set=set1,true,false,2020-12-26T20:04:16Z,384-222-2597,male,1998/05/20,2020-08-07T23:35:04Z,2020-08-07T23:35:04Z
29,tbelfords@oakley.com,Tabitha,Belford,tbelfords,https://robohash.org/debitisadipiscimolestiae.png?size=50x50&set=set1,false,true,2021-05-15T10:50:18Z,142-604-8515,male,1998/10/05,2020-08-07T23:35:04Z,2020-08-07T23:35:04Z
30,msarfasst@blogspot.com,Madge,Sarfass,msarfasst,https://robohash.org/voluptasautvoluptatem.png?size=50x50&set=set1,false,true,2020-12-17T00:53:09Z,184-837-6052,female,1997/05/05,2020-08-07T23:35:04Z,2020-08-07T23:35:04Z
31,adibbinu@statcounter.com,Angel,Dibbin,adibbinu,https://robohash.org/sintdistinctioin.png?size=50x50&set=set1,true,false,2021-01-15T22:55:29Z,243-123-9982,male,1995/12/18,2020-08-07T23:35:04Z,2020-08-07T23:35:04Z
32,pocurriganv@newyorker.com,Pietro,O'Currigan,pocurriganv,https://robohash.org/consecteturdolorquia.png?size=50x50&set=set1,false,false,2020-08-16T22:31:08Z,703-725-8337,female,1998/02/15,2020-08-07T23:35:04Z,2020-08-07T23:35:04Z
33,gbateupw@opera.com,Gavrielle,Bateup,gbateupw,https://robohash.org/perferendisconsequaturmagnam.png?size=50x50&set=set1,true,true,2020-08-27T01:15:27Z,207-956-4201,male,1999/04/02,2020-08-07T23:35:04Z,2020-08-07T23:35:04Z
34,gmatteax@prweb.com,Gran,Mattea,gmatteax,https://robohash.org/enimillumin.png?size=50x50&set=set1,true,false,2021-03-24T18:35:40Z,445-810-6444,female,1997/05/02,2020-08-07T23:35:04Z,2020-08-07T23:35:04Z
35,ndiacky@marketwatch.com,Naomi,Diack,ndiacky,https://robohash.org/estquossint.png?size=50x50&set=set1,true,true,2020-08-06T12:51:03Z,213-456-0816,male,1990/07/19,2020-08-07T23:35:04Z,2020-08-07T23:35:04Z
36,lcaistorz@illinois.edu,Lonee,Caistor,lcaistorz,https://robohash.org/quisnisimolestiae.png?size=50x50&set=set1,true,true,2020-08-12T18:35:58Z,540-841-2016,female,1996/11/12,2020-08-07T23:35:04Z,2020-08-07T23:35:04Z
37,rfodden10@drupal.org,Ruthy,Fodden,rfodden10,https://robohash.org/utdoloremaliquid.png?size=50x50&set=set1,false,true,2021-05-01T18:13:10Z,427-557-3308,female,1993/05/29,2020-08-07T23:35:04Z,2020-08-07T23:35:04Z
38,cdrife11@answers.com,Carmelle,Drife,cdrife11,https://robohash.org/aquamtenetur.png?size=50x50&set=set1,false,true,2020-08-28T06:22:12Z,969-882-3539,female,1994/09/17,2020-08-07T23:35:04Z,2020-08-07T23:35:04Z
39,mfrere12@state.gov,Mara,Frere,mfrere12,https://robohash.org/sitdictavoluptatem.png?size=50x50&set=set1,true,false,2021-06-01T09:23:15Z,609-208-9197,female,1998/09/30,2020-08-07T23:35:04Z,2020-08-07T23:35:04Z
40,eleele13@shareasale.com,Ewen,Leele,eleele13,https://robohash.org/quismolestiaeat.png?size=50x50&set=set1,true,false,2021-06-16T10:20:47Z,814-132-5856,male,1999/01/15,2020-08-07T23:35:04Z,2020-08-07T23:35:04Z
41,umallinar14@123-reg.co.uk,Ursulina,Mallinar,umallinar14,https://robohash.org/doloreinenim.png?size=50x50&set=set1,true,true,2020-07-03T08:36:56Z,384-809-1368,female,1992/01/10,2020-08-07T23:35:04Z,2020-08-07T23:35:04Z
42,bmidlane15@istockphoto.com,Bernadine,Midlane,bmidlane15,https://robohash.org/exestvelit.png?size=50x50&set=set1,false,false,2020-07-25T08:26:21Z,321-371-6090,female,1990/08/29,2020-08-07T23:35:04Z,2020-08-07T23:35:04Z
43,rmclanaghan16@intel.com,Remus,McLanaghan,rmclanaghan16,https://robohash.org/dolorumutipsam.png?size=50x50&set=set1,false,false,2020-11-26T20:46:50Z,913-829-8056,female,1993/03/19,2020-08-07T23:35:04Z,2020-08-07T23:35:04Z
44,mlumby17@harvard.edu,Magdalen,Lumby,mlumby17,https://robohash.org/doloremautemea.png?size=50x50&set=set1,true,true,2020-07-03T06:01:04Z,207-275-4566,female,1999/02/09,2020-08-07T23:35:04Z,2020-08-07T23:35:04Z
45,tpetrak18@istockphoto.com,Trixie,Petrak,tpetrak18,https://robohash.org/voluptatesatquevelit.png?size=50x50&set=set1,true,false,2020-08-24T05:46:30Z,869-180-7257,female,1994/03/30,2020-08-07T23:35:04Z,2020-08-07T23:35:04Z
46,kkirkhouse19@about.com,Karie,Kirkhouse,kkirkhouse19,https://robohash.org/quidemvoluptasquia.png?size=50x50&set=set1,false,true,2020-09-20T21:58:39Z,944-812-9279,male,1994/02/25,2020-08-07T23:35:04Z,2020-08-07T23:35:04Z
47,akemer1a@squarespace.com,Auguste,Kemer,akemer1a,https://robohash.org/utofficiisdolor.png?size=50x50&set=set1,true,false,2021-04-06T20:49:39Z,925-651-5660,male,1992/06/02,2020-08-07T23:35:04Z,2020-08-07T23:35:04Z
48,dfried1b@theatlantic.com,Danell,Fried,dfried1b,https://robohash.org/suscipitdoloremqueomnis.png?size=50x50&set=set1,false,false,2021-05-05T11:54:51Z,641-739-5144,female,1998/10/07,2020-08-07T23:35:04Z,2020-08-07T23:35:04Z
49,ggagin1c@google.com.br,Gil,Gagin,ggagin1c,https://robohash.org/eaconsecteturincidunt.png?size=50x50&set=set1,true,false,2020-09-08T02:44:59Z,325-702-5746,female,1995/01/12,2020-08-07T23:35:04Z,2020-08-07T23:35:04Z
50,lmongain1d@webmd.com,Lynda,Mongain,lmongain1d,https://robohash.org/velitdelectuslaudantium.png?size=50x50&set=set1,true,true,2020-12-30T03:00:52Z,131-328-7721,male,1998/08/09,2020-08-07T23:35:04Z,2020-08-07T23:35:04Z
